{
  "global": {
    "median": 7.78829550743103,
    "mad": 0.023049354553222656,
    "num_valid_frames": 105618
  },
  "subjects": {
    "subj000D": {
      "median": 7.789470195770264,
      "mad": 0.01638340950012207,
      "num_valid_frames": 2188
    },
    "subj000L": {
      "median": 7.8169379234313965,
      "mad": 0.012382268905639648,
      "num_valid_frames": 1468
    },
    "subj000R": {
      "median": 7.772781610488892,
      "mad": 0.009206533432006836,
      "num_valid_frames": 1326
    },
    "subj001D": {
      "median": 7.790554761886597,
      "mad": 0.026345014572143555,
      "num_valid_frames": 3040
    },
    "subj001L": {
      "median": 7.821310997009277,
      "mad": 0.01051473617553711,
      "num_valid_frames": 2358
    },
    "subj001R": {
      "median": 7.7665300369262695,
      "mad": 0.015139579772949219,
      "num_valid_frames": 2467
    },
    "subj002D": {
      "median": 7.789602041244507,
      "mad": 0.026083707809448242,
      "num_valid_frames": 4848
    },
    "subj002L": {
      "median": 7.80983304977417,
      "mad": 0.019374370574951172,
      "num_valid_frames": 2099
    },
    "subj002R": {
      "median": 7.769822359085083,
      "mad": 0.01237630844116211,
      "num_valid_frames": 2310
    },
    "subj003D": {
      "median": 7.789499521255493,
      "mad": 0.015290260314941406,
      "num_valid_frames": 2468
    },
    "subj003L": {
      "median": 7.820825576782227,
      "mad": 0.010294437408447266,
      "num_valid_frames": 1361
    },
    "subj003R": {
      "median": 7.772581100463867,
      "mad": 0.012120723724365234,
      "num_valid_frames": 1008
    },
    "subj004D": {
      "median": 7.7900660037994385,
      "mad": 0.023003101348876953,
      "num_valid_frames": 2466
    },
    "subj004L": {
      "median": 7.813068389892578,
      "mad": 0.014430999755859375,
      "num_valid_frames": 1809
    },
    "subj004R": {
      "median": 7.766310691833496,
      "mad": 0.015316486358642578,
      "num_valid_frames": 2685
    },
    "subj005D": {
      "median": 7.7895402908325195,
      "mad": 0.019125938415527344,
      "num_valid_frames": 2790
    },
    "subj005L": {
      "median": 7.811418056488037,
      "mad": 0.017584800720214844,
      "num_valid_frames": 2541
    },
    "subj005R": {
      "median": 7.768989562988281,
      "mad": 0.013212203979492188,
      "num_valid_frames": 2213
    },
    "subj006D": {
      "median": 7.787964105606079,
      "mad": 0.022189617156982422,
      "num_valid_frames": 2900
    },
    "subj006L": {
      "median": 7.819843292236328,
      "mad": 0.010787487030029297,
      "num_valid_frames": 1703
    },
    "subj006R": {
      "median": 7.771322250366211,
      "mad": 0.010059118270874023,
      "num_valid_frames": 1450
    },
    "subj007D": {
      "median": 7.789820432662964,
      "mad": 0.011208295822143555,
      "num_valid_frames": 1048
    },
    "subj007L": {
      "median": 7.807633876800537,
      "mad": 0.013496637344360352,
      "num_valid_frames": 806
    },
    "subj007R": {
      "median": 7.769950866699219,
      "mad": 0.011599540710449219,
      "num_valid_frames": 2369
    },
    "subj008D": {
      "median": 7.788873910903931,
      "mad": 0.02222895622253418,
      "num_valid_frames": 3944
    },
    "subj008L": {
      "median": 7.817654371261597,
      "mad": 0.011675834655761719,
      "num_valid_frames": 950
    },
    "subj008R": {
      "median": 7.76367974281311,
      "mad": 0.015198707580566406,
      "num_valid_frames": 2878
    },
    "subj009D": {
      "median": 7.789221525192261,
      "mad": 0.02408289909362793,
      "num_valid_frames": 4414
    },
    "subj009L": {
      "median": 7.818218231201172,
      "mad": 0.011734962463378906,
      "num_valid_frames": 2163
    },
    "subj009R": {
      "median": 7.773397445678711,
      "mad": 0.00933837890625,
      "num_valid_frames": 1321
    },
    "subj010D": {
      "median": 7.789720773696899,
      "mad": 0.02525496482849121,
      "num_valid_frames": 2832
    },
    "subj010L": {
      "median": 7.820338487625122,
      "mad": 0.01066446304321289,
      "num_valid_frames": 2516
    },
    "subj010R": {
      "median": 7.776020526885986,
      "mad": 0.008516788482666016,
      "num_valid_frames": 1267
    },
    "subj011D": {
      "median": 7.789667844772339,
      "mad": 0.016609907150268555,
      "num_valid_frames": 2274
    },
    "subj011L": {
      "median": 7.818397283554077,
      "mad": 0.013211250305175781,
      "num_valid_frames": 872
    },
    "subj011R": {
      "median": 7.779507637023926,
      "mad": 0.006183624267578125,
      "num_valid_frames": 679
    },
    "subj012D": {
      "median": 7.785168886184692,
      "mad": 0.026485681533813477,
      "num_valid_frames": 5080
    },
    "subj012L": {
      "median": 7.816727638244629,
      "mad": 0.012271881103515625,
      "num_valid_frames": 2355
    },
    "subj012R": {
      "median": 7.768148899078369,
      "mad": 0.013410091400146484,
      "num_valid_frames": 1561
    },
    "subj013D": {
      "median": 7.789522647857666,
      "mad": 0.023226499557495117,
      "num_valid_frames": 2196
    },
    "subj013L": {
      "median": 7.815098285675049,
      "mad": 0.01291799545288086,
      "num_valid_frames": 1866
    },
    "subj013R": {
      "median": 7.770731449127197,
      "mad": 0.01138162612915039,
      "num_valid_frames": 2189
    },
    "subj014D": {
      "median": 7.7889509201049805,
      "mad": 0.02517247200012207,
      "num_valid_frames": 4252
    },
    "subj014L": {
      "median": 7.816213607788086,
      "mad": 0.0118865966796875,
      "num_valid_frames": 1305
    },
    "subj014R": {
      "median": 7.77239465713501,
      "mad": 0.011647701263427734,
      "num_valid_frames": 1771
    },
    "subj015D": {
      "median": 7.789847373962402,
      "mad": 0.018764019012451172,
      "num_valid_frames": 2894
    },
    "subj015L": {
      "median": 7.820396423339844,
      "mad": 0.010750293731689453,
      "num_valid_frames": 1861
    },
    "subj015R": {
      "median": 7.781501770019531,
      "mad": 0.006106376647949219,
      "num_valid_frames": 457
    }
  }
}